Dataset,Metric,Best Model,Best Score,Average Score,Average Statistical Score,Average Neural-Net Score
010_RAMspike_10_Hardware_tr_1200_1st_1210.csv,VUS-PR,Sub_PCA,0.9892723795128516,0.3756807008299862,0.2530359475890999,0.4724850600414933
010_RAMspike_10_Hardware_tr_1200_1st_1210.csv,VUS-ROC,Sub_PCA,0.9998750502992884,0.83207346725618,0.8874619620505775,0.7667952646617364
011_RAMsleep_11_Hardware_tr_1200_1st_1324.csv,VUS-PR,KShapeAD,0.5618645989558517,0.09688867599349055,0.144334103418722,0.05903766250217857
011_RAMsleep_11_Hardware_tr_1200_1st_1324.csv,VUS-ROC,SAND,0.9486500559176544,0.5860233465637109,0.5722706385535663,0.603862631238347
012_RAMmedium_12_Hardware_tr_1200_1st_1237.csv,VUS-PR,LOF,0.0620798510330808,0.01815711075201794,0.023791434980974677,0.013614731207777037
012_RAMmedium_12_Hardware_tr_1200_1st_1237.csv,VUS-ROC,LOF,0.9264252039226258,0.5540104163355603,0.633983377754782,0.506185152035866
013_RAMmixed_13_Hardware_tr_2000_1st_2083.csv,VUS-PR,OmniAnomaly,0.3941692639119818,0.08421183591340382,0.06251278498058378,0.10848570690083037
013_RAMmixed_13_Hardware_tr_2000_1st_2083.csv,VUS-ROC,OmniAnomaly,0.878166853959611,0.615583139562881,0.6129103973831582,0.6598129224682785
